<service> <!--服务ID：启动、关闭、删除服务时，都是通过ID来操作的,与jar名称保持一致-->
  <id>ldDecrypt</id> <!--服务名称,与jar名称保持一致-->
  <name>ldDecrypt</name> <!-- 服务描述 -->
  <description>这是一个测试WinSW的程序</description> <!--当前电脑配置了java环境变量，直接写成“java”就行；你也可以写成类似这样：D:\develop\jdk1.8\jre\bin\java-->
  <executable>java</executable> <!--启动参数-->
  <arguments>-jar -Dserver.port=980 ldDecrypt.jar</arguments> <!-- 日志地址 %BASE% 就代表了服务安装时的目录-->
  <logpath>%BASE%\log</logpath> <!-- 日志模式 -->
  <logmode>rotate</logmode>
</service>